"1","mmm..testing","this is some testing body","poster #1","modified #1"
"2","mmm..testing","this is some testing body","poster #2","modified #2"
"3","mmm..testing","this is some testing body","poster #3","modified #3"
"4","here","is","some","test"
"5","here","is","some","test"
"6","here","is","some","test"
"7","here","is","some","test"
"8","here","is","some","test"
"9","here","is","some","test"
"10","here","is","some","test"
"11","here","is","some","test"
"12","here","is","some","test"
